{
    "app_name": "WhatsHam",
    "title": "Title",
    "des": "des",
    "add_new_btn": "اضف جديد",
    "home_hero_title": "تعزيز عملك مع",
    "home_hero_des": "نظام قائم على السحابة على WhatsApp يساعدك على تسويق أعمالك بطريقة مستقبلية دون أي تكلفة تأجير لجهة خارجية",
    "home_get_started": "البدء",
    "home_why_only": "لماذا فقط",
    "home_why_onlye_des": "يعمل WhatsHam على السحابة حتى تتمكن من تشغيل المهام في الخلفية مما يوفر وقتك وإنتاجيتك.",
    "home_need_toKnow": "الوظائف التي تحتاج إليها",
    "home_need_toKnow_des": "هذه هي الوظائف التي تجعل هذا البرنامج خاصًا.",
    "home_feature_mul_ins": "مثيل متعدد",
    "home_feature_mul_ins_des": "يمكنك إضافة / حفظ مثيلات متعددة يعني عدة حسابات whatsapp واستخدامها في أي وقت.",
    "home_feature_atch": "المرفقات المعتمدة",
    "home_feature_atch_des": "يمكنك إرسال رسائل مع الصور والإضافات الأخرى مثل الصوت والفيديو والمستندات وما إلى ذلك.",
    "home_feature_btn": "دعم زر",
    "home_feature_btn_des": "يمكنك أيضًا إرسال رسائل بأزرار فردية ومتعددة.",
    "home_feature_list": "قائمة المدعومة",
    "home_feature_list_des": "يمكنك إرسال رسائل مع القوائم أيضًا مما يساعدك في الحصول على مدخلات من جهاز استقبال messgae.",
    "home_feature_cam": "الحملات",
    "home_feature_cam_des": "يمكنك إنشاء حملات لك باستخدام الأزرار / الرسائل / الصور / القوائم لاستخدامها لاحقًا.",
    "home_feature_bot": "WhatsApp Bot",
    "home_feature_bot_des": "لديها ميزة حيث يمكنك تعيين ردود تلقائية معدة مسبقًا بأزرار / lits / رسائل / صور.",
    "home_feature_grp_grab": "مجموعات الاستيلاء",
    "home_feature_grp_grab_des": "يمكنك تصدير بيانات مجموعات WhatsApp بتنسيق excel مع اسم المجموعة / أعضاء المجموعة إلخ.",
    "home_feature_ping": "نظام بينج",
    "home_feature_ping_des": "يمكنك تنفيذ الأمر ping على الدعم في أي وقت بطريقة مناسبة.",
    "home_plan_heading": "الخطة المناسبة لعملك",
    "home_plan_heading_des": "اختر الخطة المثالية لاحتياجاتك. دائما مرنة للنمو",
    "home_plan_instance_limit": "حد المثيل",
    "home_plan_message_limit": "حد الرسائل",
    "home_plan_whatsapp_bot": "WhatApp Bot",
    "home_plan_whatsapp_export": "تصدير مجموعة WhatApp",
    "home_footer_useful_link": "روابط مفيدة",
    "user_dash_total_instance": "إجمالي مثيل:",
    "user_dash_total_campaign": "إجمالي الحملة:",
    "user_dash_btn_temp": "قالب الزر:",
    "user_dash_list_temp": "نموذج القائمة:",
    "user_dash_menu_dashboard": "لوحة القيادة",
    "user_dash_menu_inatance": "نموذج",
    "user_dash_menu_Campaign": "الحملة الانتخابية",
    "user_dash_menu_upload_media": "تحميل الوسائط",
    "user_dash_menu_btn_templet": "قالب الزر",
    "user_dash_menu_list_temp": "قالب القائمة",
    "user_dash_menu_cam_temp": "نموذج الحملة",
    "user_dash_menu_cam_history": "تاريخ الحملة",
    "user_dash_menu_manage_bot": "إدارة الروبوت",
    "user_dash_menu_export_grp": "مجموعة التصدير",
    "user_dash_menu_ping_to_admin": "بينغ للمسؤول",
    "user_dash_menu_profile": "حساب تعريفي",
    "manage_ins_title": "إدارة المثيل",
    "manage_ins_ready": "رد على الاستخدام",
    "manage_ins_gen": "انشاء",
    "cam_start_cam": "ابدأ الحملة",
    "cam_choose": "اختر نوع الحملة",
    "congrax": "تهانينا!",
    "go_bak": "عُد",
    "send_pasted_temp": "إرسال على الموكب الملصق",
    "send_with_excel": "أرسل مع إكسل تيمبلت",
    "send_with_btn": "إرسال مع أزرار الهيكل",
    "send_with_list": "إرسال مع قالب القائمة",
    "select_temp": "حدد Templet",
    "randpm_delay_to_be": "سيكون التأخير العشوائي بين كل رسالة",
    "to": "ل",
    "sec": "ثانية.",
    "sel_temp": "حدد Templet",
    "run_cam": "قم بتشغيل الحملة",
    "yo_can_put_num": "يمكنك وضع اسم المتغير كمتغير ديناميكي",
    "hi_var_one": "مرحبًا var_one رقم ملفك هو var_two ، يرجى الاتصال على var_three لمزيد من المعلومات",
    "num": "أعداد",
    "sel_ins": "حدد مثيل",
    "pls_typ_nu": "الرجاء لصق الأرقام هنا",
    "add_comma": "أضف فاصلة بعد الرقم مع رمز البلد",
    "sel_btn_tmep": "حدد قالب الزر",
    "sel_list_temp": "حدد قالب القائمة",
    "upload_med": "تحميل الوسائط",
    "add_a_name": "أضف اسمًا",
    "add_med": "أضف الوسائط",
    "upload_meda": "تحميل الوسائط",
    "close": "يغلق",
    "mng_btn_temp": "إدارة قوالب الأزرار",
    "add_btn_text": "إضافة زر مع النص",
    "add_btn_with_im": "إضافة زر مع النص والصورة",
    "btn_text": "زر مع نص",
    "btn_img": "زر مع النص والصورة",
    "shrt_grp_ttl": "عنوان المجموعة القصير",
    "sel_img": "اختر صورة",
    "entr_grp_btn": "أدخل التسمية التوضيحية لزر المجموعة",
    "entr_btn_footer": "أدخل نص تذييل زر المجموعة",
    "add_btn": "أضف زرًا",
    "add_ths_btn_temp": "أضف قالب الزر هذا",
    "btn_name": "اسم الزر",
    "mng_list_temp": "إدارة قالب القائمة",
    "btn_textt": "زر كتابة",
    "footer": "تذييل",
    "text": "نص",
    "no_sec_added_yet": "لم يتم إضافة قسم حتى الآن",
    "add_list_sec": "إضافة قسم قائمة",
    "save_temp": "حفظ قالب القائمة",
    "add_sec": "إضافة قسم",
    "sec_title": "عنوان القسم",
    "op_otn_added_ye": "لم يتم إضافة أي خيار حتى الآن",
    "c": "اكتب خيارًا",
    "add_this_sec": "أضف هذا القسم",
    "manage_cam_tem": "إدارة قوالب الحملة",
    "up_to250": "يصل إلى 250 رقمًا مُعاد تكوينها مرة واحدة.",
    "add_new_with_exl": "إضافة جديد مع Excel",
    "upload_past_num": "اصنع مع لصق الأرقام",
    "upload_exl_temp": "اصنع مع اكسل",
    "download_content": "حمل المضمون",
    "down_xlx": "تنزيل XLS",
    "temp_name": "اسم القالب",
    "upload_wth_exl": "تحميل ورقة إكسل",
    "dwn_exl_demo": "تنزيل ملف إكسل التجريبي",
    "with_me": "مع وسائل الإعلام ?",
    "add_ths_temp": "أضف هذا المعبد",
    "write_your_msg": "اكتب رسالتك",
    "completed": "مكتمل",
    "status": "حالة:",
    "typ": "يكتب:",
    "are_you_sure": "هل أنت واثق?",
    "manage_bot": "إدارة الروبوت",
    "add_rep_with_text_n_img": "الرد التلقائي بنص أو صورة مع تسمية توضيحية.",
    "ping": "بينغ",
    "incoming_msg": "رسالة واردة",
    "rep_with_text": "الرد بنص",
    "rep_with_btn": "الرد باستخدام الزر",
    "rep_with_list": "الرد مع القائمة",
    "set_rep_for_incoming": "اضبط ردًا على الرسالة الواردة",
    "add_text": "أضف نصًا",
    "add_lst": "اضف قائمة",
    "run_bo": "تشغيل بوت",
    "export_grp": "تصدير بيانات المجموعة",
    "grab_data": "الاستيلاء على البيانات",
    "export_grp_da": "تصدير المجموعة كـ Excel",
    "ping_to_admin": "بينغ للمسؤول",
    "typ_your_msg": "اكتب رسالتك هنا",
    "await_forres": "في انتظار الرد",
    "update_profile": "تحديث الملف",
    "name": "اسم",
    "email": "بريد إلكتروني",
    "leavr_it_blank": "اتركه فارغًا إذا كنت لا تريد تغيير كلمة المرور",
    "user_panel": "لوحة المستخدم",
    "users": "المستخدمون",
    "plans": "الخطط",
    "pay_gate": "بوابات الدفع",
    "smtp_config": "تكوين SMTP",
    "app_nm": "اسم التطبيق",
    "tans_log": "سجل التحويل",
    "hello_admin": "مرحبا المشرف!",
    "manage_users": "إدارة المستخدم",
    "al_users": "جميع المستخدمين",
    "mobile": "متحرك",
    "plan": "يخطط",
    "action": "فعل",
    "password": "كلمة المرور",
    "save": "يحفظ",
    "manage_plan": "إدارة الخطة",
    "bots": "الروبوتات",
    "nobots": "لا روبوتات",
    "no_grp_export": "لا يوجد تصدير جماعي",
    "update_plan": "تحديث الخطة",
    "plan_name": "اسم الخطة",
    "msg_limit": "حدود الرسالة",
    "cost": "كلفة",
    "allow_bot": "السماح للبوت",
    "allow_grp_export": "السماح بالتصدير الجماعي",
    "descriptio": "وصف",
    "exc_rate": "سعر الصرف",
    "please_sur_text": "الرجاء إدخال سعر الصرف ل 1 دولار أمريكي =؟",
    "rzpay": "رازورباي",
    "rzkeys": "مفاتيح Razorpay",
    "rzid": "معرف Razorpay",
    "paypal": "باي بال",
    "paypal_clientid": "معرف العميل باي بال",
    "paypal_secret": "سر عميل Paypal",
    "offline_pay": "الدفع دون اتصال بالإنترنت",
    "this_will_apr_to_user": "سيظهر هذا للمستخدم",
    "smtp_warning": "بدون هذا الإعداد ، لن يعمل خيار",
    "smtp_host": "مضيف SMTP",
    "smtp_port": "منفذ SMTP",
    "smtp_pass": "كلمة مرور SMTP",
    "manage_pings": "إدارة الأصوات",
    "user_email": "البريد الالكتروني للمستخدم",
    "send_on": "أرسلت في",
    "app_config": "تكوين التطبيق",
    "logo": "شعار",
    "cur_sym": "رمز العملة",
    "trans_log": "سجلات التحويل",
    "clr_all": "امسح الكل",
    "byr_emal": "البريد الإلكتروني للمشتري:",
    "payment_id": "معرف الدفع:",
    "amt": "مقدار:",
    "capt_timestamp": "تاريخ ووقت الالتقاط:",
    "admin_profile": "ملف تعريف المسؤول",
    "total_users": "إجمالي المستخدمين",
    "total_plans": "إجمالي الخطط",
    "total_pings": "مجموع الأصوات",
    "total_ordrs": "إجمالي الطلبات",
    "your_cart_empty": "عربة التسوق فارغة",
    "my_plan": "خطتي",
    "msg_left": "رسائل اليسار:",
    "yes": "نعم",
    "no": "رقم",
    "paying": "الدفع",
    "free_plan_paying": "خطة مجانية",
    "click_me_proceed": "انقر فوقي للمتابعة",
    "not_alloed_in_plan": "غير مسموح به في هذه الخطة",
    "manage_page": "إدارة صفحات",
    "no_page_found": "لم يتم العثور على صفحة",
    "sent_cout": "العد المرسل",
    "templet_id": "معرف القالب",
    "youtube_video_url": "رابط فيديو اليوتيوب",
    "user_login": "دخول المستخدم",
    "login": "تسجيل الدخول",
    "signup": "التسجيل",
    "fill_signup": "أكمل هذا النموذج للتسجيل",
    "delete_user": "حذف هذا المستخدم",
    "forget_pass_title": "أدخل بريدك الإلكتروني للحصول على رابط إعادة تعيين كلمة المرور",
    "send_link": "إرسال الرابط",
    "user_has_been_updated": "تم تحديث المستخدم، يتم الآن التحويل إلى صفحة الدخول...",
    "recovery_link_expired": "يبدو أن الرابط الخاص بإعادة الحياة قد انتهت. يرجى إرسال البريد الإلكتروني مرة أخرى.",
    "set_new_pass": "أضف كلمة المرور الجديدة هنا.",
    "go": "ذهاب",
    "admin_panel": "لوحة الإدارة"
}