{
    "app_name": "WhatsHam",
    "title": "Title",
    "des": "des",
    "add_new_btn": "Add New",
    "home_hero_title": "Boost your business with",
    "home_hero_des": "A WhatsApp cloud based system that helps you market your business in a future way with no third party api rentel cost",
    "home_get_started": "Get Started",
    "home_why_only": "Why Only",
    "home_why_onlye_des": "WhatsHam runs on cloud so you can run the taskes in the background that saves your time and productivity.",
    "home_need_toKnow": "Functions you need to about",
    "home_need_toKnow_des": "These are the functions that makes this a special software.",
    "home_feature_mul_ins": "Multitple Instance",
    "home_feature_mul_ins_des": "You can add/save multiple instances that means multiple whatsapp accounts and use them anytime.",
    "home_feature_atch": "Attachement Supported",
    "home_feature_atch_des": "You can send messages along with images and other extensions like audio, video, documents etc.",
    "home_feature_btn": "Button Supported",
    "home_feature_btn_des": "You can send messages with single and multiple buttons as well.",
    "home_feature_list": "List Supported",
    "home_feature_list_des": "You can send messages along with the lists as well which helps you to get input form the messgae receiver.",
    "home_feature_cam": "Campaigns",
    "home_feature_cam_des": "You can create you campaigns with button/messages/images/lists to use them later.",
    "home_feature_bot": "WhatsApp Bot",
    "home_feature_bot_des": "It has a feature where you can set auto pre set replies with buttons/lits/messages/images.",
    "home_feature_grp_grab": "Grab Groups",
    "home_feature_grp_grab_des": "You can export WhatsApp groups data in excel format with group name/group members etc win excel format.",
    "home_feature_ping": "Ping System",
    "home_feature_ping_des": "You can ping to the support at anytime in a convenient way.",
    "home_plan_heading": "The Right Plan For Your Business",
    "home_plan_heading_des": "Choose the perfect plan for your needs. Always flexible to grow",
    "home_plan_instance_limit": "Instance limit",
    "home_plan_message_limit": "Messages limit",
    "home_plan_whatsapp_bot": "WhatApp Bot",
    "home_plan_whatsapp_export": "WhatApp group export",
    "home_footer_useful_link": "Useful Links",
    "user_dash_total_instance": "Total Instance:",
    "user_dash_total_campaign": "Total Campaign:",
    "user_dash_btn_temp": "Button Templet:",
    "user_dash_list_temp": "List templet:",
    "user_dash_menu_dashboard": "Dashboard",
    "user_dash_menu_inatance": "Instance",
    "user_dash_menu_Campaign": "Campaign",
    "user_dash_menu_upload_media": "Upload Media",
    "user_dash_menu_btn_templet": "Button Templet",
    "user_dash_menu_list_temp": "List Templet",
    "user_dash_menu_cam_temp": "Campaign Templet",
    "user_dash_menu_cam_history": "Campaign History",
    "user_dash_menu_manage_bot": "Manage Bot",
    "user_dash_menu_export_grp": "Export Group",
    "user_dash_menu_ping_to_admin": "Ping to Admin",
    "user_dash_menu_profile": "Profile",
    "manage_ins_title": "Manage Instance",
    "manage_ins_ready": "React To Use",
    "manage_ins_gen": "Generate",
    "cam_start_cam": "Start Campaign",
    "cam_choose": "Choose a campaign type",
    "congrax": "Congratulations!",
    "go_bak": "Go back",
    "send_pasted_temp": "Send on pasted templet",
    "send_with_excel": "Send with excel templet",
    "send_with_btn": "Send with Buttons templet",
    "send_with_list": "Send with list templet",
    "select_temp": "Select Templet",
    "randpm_delay_to_be": "Random delay between each message would be",
    "to": "to",
    "sec": "sec.",
    "sel_temp": "Select Templet",
    "run_cam": "Run Campaign",
    "yo_can_put_num": "You can put variable name as dynamic variable",
    "hi_var_one": "Hi var_one your roll number is var_two please call on var_three for more info",
    "num": "numbers",
    "sel_ins": "Select Instance",
    "pls_typ_nu": "Please paste numbers here",
    "add_comma": "Add a comma after the number with country code",
    "sel_btn_tmep": "Select Button Templet",
    "sel_list_temp": "Select List Templet",
    "upload_med": "Upload Medias",
    "add_a_name": "Add a name",
    "add_med": "Add Media",
    "upload_meda": "Upload Media",
    "close": "Close",
    "mng_btn_temp": "Manage Button Templets",
    "add_btn_text": "Add Button with text",
    "add_btn_with_im": "Add Button with Text & Image",
    "btn_text": "Button With Text",
    "btn_img": "Button With Text & Image",
    "shrt_grp_ttl": "Short Group Title",
    "sel_img": "Select Image",
    "entr_grp_btn": "Enter Group Button Caption",
    "entr_btn_footer": "Enter Group Button Footer Text",
    "add_btn": "Add a button",
    "add_ths_btn_temp": "Add This Button Templet",
    "btn_name": "Button Name",
    "mng_list_temp": "Manage List Templet",
    "btn_textt": "Button Text",
    "footer": "Footer",
    "text": "Text",
    "no_sec_added_yet": "No section added yet",
    "add_list_sec": "Add List Section",
    "save_temp": "Save List Templet",
    "add_sec": "Add Section",
    "sec_title": "Section Title",
    "op_otn_added_ye": "No option added yet",
    "c": "Write an option",
    "add_this_sec": "Add This Section",
    "manage_cam_tem": "Manage Campaign Templets",
    "up_to250": "Upto 250 numbers recommented at once.",
    "add_new_with_exl": "Add New With Excel",
    "upload_past_num": "Make with pasting numbers",
    "upload_exl_temp": "Make with excel",
    "download_content": "Download Content",
    "down_xlx": "Download XLS",
    "temp_name": "Templet Name",
    "upload_wth_exl": "Upload Excel  Sheet",
    "dwn_exl_demo": "Download Excel Demo Sheet",
    "with_me": "With Media ?",
    "add_ths_temp": "Add this templet",
    "write_your_msg": "Write your message",
    "completed": "Completed",
    "status": "Status:",
    "typ": "Type:",
    "are_you_sure": "Are you sure?",
    "manage_bot": "Manage Bot",
    "add_rep_with_text_n_img": "Auto reply with text or image with a caption.",
    "ping": "Ping",
    "incoming_msg": "Incoming message",
    "rep_with_text": "Reply with Text",
    "rep_with_btn": "Reply with Button",
    "rep_with_list": "Reply with List",
    "set_rep_for_incoming": "Set a reply for incoming message",
    "add_text": "Add Text",
    "add_lst": "Add List",
    "run_bo": "Run Bot",
    "export_grp": "Export Group Data",
    "grab_data": "Grab Data",
    "export_grp_da": "Export Group as Excel",
    "ping_to_admin": "Ping to Admin",
    "typ_your_msg": "Type your message here",
    "await_forres": "Awaiting to respond",
    "update_profile": "Update Profile",
    "name": "Name",
    "email": "Email",
    "leavr_it_blank": "Leave it blank if you dont wanna change the password",
    "user_panel": "User Panel",
    "users": "Users",
    "plans": "Plans",
    "pay_gate": "Payment Gateways",
    "smtp_config": "SMTP Config",
    "app_nm": "App Name",
    "tans_log": "Trans Log",
    "hello_admin": "Hello Admin!",
    "manage_users": "Manage User",
    "al_users": "All Users",
    "mobile": "Mobile",
    "plan": "Plan",
    "action": "Action",
    "password": "Password",
    "save": "Save",
    "manage_plan": "Manage Plan",
    "bots": "Bots",
    "nobots": "No Bots",
    "no_grp_export": "No Group Export",
    "update_plan": "Update Plan",
    "plan_name": "Plan Name",
    "msg_limit": "Message Limits",
    "cost": "Cost",
    "allow_bot": "Allow Bot",
    "allow_grp_export": "Allow Group Export",
    "descriptio": "Description",
    "exc_rate": "Exchange Rate",
    "please_sur_text": "Please Enter The Exchange Rate For 1 USD = ?",
    "rzpay": "Razorpay",
    "rzkeys": "Razorpay Keys",
    "rzid": "Razorpay ID",
    "paypal": "Paypal",
    "paypal_clientid": "Paypal ClientID",
    "paypal_secret": "Paypal Client Secret",
    "offline_pay": "Offline Payment",
    "this_will_apr_to_user": "This will appear to user",
    "smtp_warning": "Without this setting your forget password option won't work.",
    "smtp_host": "SMTP Host",
    "smtp_port": "SMTP Port",
    "smtp_pass": "SMTP Password",
    "manage_pings": "Manage Pings",
    "user_email": "User Email",
    "send_on": "Sent on",
    "app_config": "App Config",
    "logo": "LOGO",
    "cur_sym": "Currency Symbol",
    "trans_log": "Trnsaction Log(s)",
    "clr_all": "Clear All",
    "byr_emal": "Buyer Email:",
    "payment_id": "Payment ID:",
    "amt": "Amount:",
    "capt_timestamp": "Caprure Date & Time:",
    "admin_profile": "Admin Profile",
    "total_users": "Total Users",
    "total_plans": "Total Plans",
    "total_pings": "Total pings",
    "total_ordrs": "Total Orders",
    "your_cart_empty": "You cart in empty",
    "my_plan": "My Plan",
    "msg_left": "Messages Left:",
    "yes": "Yes",
    "no": "No",
    "paying": "Paying",
    "free_plan_paying": "Free Plan",
    "click_me_proceed": "Click me to proceed",
    "not_alloed_in_plan": "Not allowed in this plan",
    "manage_page": "Manage Pages",
    "no_page_found": "No Page Found",
    "sent_cout": "Sent Count",
    "templet_id": "Templet ID",
    "youtube_video_url": "You video URL",
    "user_login": "User Login",
    "login": "Login",
    "signup": "Signup",
    "fill_signup": "Fill this form to signup",
    "delete_user": "Delete this user",
    "forget_pass_title": "Enter your email to get your reset password link",
    "send_link": "Send Link",
    "user_has_been_updated": "User has been updated you are now redirecting to the login page...",
    "recovery_link_expired": "Ops. it seems your recovery link has been expired, Please send email again.",
    "set_new_pass": "Congo here you can add your new password.",
    "go": "Go",
    "admin_panel": "Admin Panel",
    "import_user": "Import Users",
    "user_back_restore": "User Backup",
    "user_backup_title": "User backup and restore",
    "user_backup_des": "Backup your users and restore them for new version however you will have to update plans manually only for v2",
    "download_user_backup": "Download Users Backup",
    "how_to_restore": "How to restore",
    "paste_json_content": "Paste JSON content here",
    "import_users": "Import Users",
    "manage_modules": "Manage Modules"
}