{
    "app_name": "WhatsHam",
    "title": "Title",
    "des": "des",
    "add_new_btn": "Adicionar novo",
    "home_hero_title": "Impulsione seu negócio com",
    "home_hero_des": "Um sistema baseado em nuvem do WhatsApp que ajuda você a comercializar seus negócios de maneira futura, sem nenhum custo de aluguel de API de terceiros",
    "home_get_started": "Iniciar",
    "home_why_only": "Por que apenas",
    "home_why_onlye_des": "O WhatsHam é executado na nuvem para que você possa executar as tarefas em segundo plano, economizando tempo e produtividade.",
    "home_need_toKnow": "Funções que você precisa sobre",
    "home_need_toKnow_des": "Estas são as funções que fazem deste um software especial.",
    "home_feature_mul_ins": "Múltiplas Instâncias",
    "home_feature_mul_ins_des": "Você pode adicionar/salvar várias instâncias significa várias contas do whatsapp e usá-las a qualquer momento.",
    "home_feature_atch": "Anexo suportado",
    "home_feature_atch_des": "Você pode enviar mensagens junto com imagens e outras extensões como áudio, vídeo, documentos, etc..",
    "home_feature_btn": "Botão suportado",
    "home_feature_btn_des": "Você pode enviar mensagens com botões únicos e múltiplos também.",
    "home_feature_list": "Lista suportada",
    "home_feature_list_des": "Você também pode enviar mensagens junto com as listas, o que o ajuda a obter informações do receptor de mensagens.",
    "home_feature_cam": "Campanhas",
    "home_feature_cam_des": "Você pode criar suas campanhas com botão/mensagens/imagens/listas para usá-los mais tarde.",
    "home_feature_bot": "Bot do WhatsApp",
    "home_feature_bot_des": "Possui um recurso onde você pode definir respostas automáticas pré-definidas com botões/luzes/mensagens/imagens.",
    "home_feature_grp_grab": "Pegar Grupos",
    "home_feature_grp_grab_des": "Você pode exportar dados de grupos do WhatsApp em formato Excel com nome do grupo/membros do grupo, etc..",
    "home_feature_ping": "Sistema de Ping",
    "home_feature_ping_des": "Você pode enviar ping para o suporte a qualquer momento de maneira conveniente.",
    "home_plan_heading": "O plano certo para o seu negócio",
    "home_plan_heading_des": "Escolha o plano perfeito para suas necessidades. Sempre flexível para crescer",
    "home_plan_instance_limit": "limite de instância",
    "home_plan_message_limit": "limite de mensagens",
    "home_plan_whatsapp_bot": "Bot do WhatsApp",
    "home_plan_whatsapp_export": "Exportação de grupo do WhatApp",
    "home_footer_useful_link": "Links Úteis",
    "user_dash_total_instance": "Instância total:",
    "user_dash_total_campaign": "Campanha total:",
    "user_dash_btn_temp": "Modelo de botão:",
    "user_dash_list_temp": "Modelo de lista:",
    "user_dash_menu_dashboard": "Painel",
    "user_dash_menu_inatance": "Instância",
    "user_dash_menu_Campaign": "Campanha",
    "user_dash_menu_upload_media": "Carregar mídia",
    "user_dash_menu_btn_templet": "Modelo de botão",
    "user_dash_menu_list_temp": "Modelo de lista",
    "user_dash_menu_cam_temp": "Modelo de campanha",
    "user_dash_menu_cam_history": "Histórico da campanha",
    "user_dash_menu_manage_bot": "Gerenciar bot",
    "user_dash_menu_export_grp": "Grupo de exportação",
    "user_dash_menu_ping_to_admin": "Ping para administrador",
    "user_dash_menu_profile": "Perfil",
    "manage_ins_title": "Gerenciar instância",
    "manage_ins_ready": "Reagir ao uso",
    "manage_ins_gen": "Gerar",
    "cam_start_cam": "Iniciar campanha",
    "cam_choose": "Escolha um tipo de campanha",
    "congrax": "Parabéns!",
    "go_bak": "Volte",
    "send_pasted_temp": "Enviar no modelo colado",
    "send_with_excel": "Enviar com modelo excel",
    "send_with_btn": "Enviar com modelo de botões",
    "send_with_list": "Enviar com modelo de lista",
    "select_temp": "Selecione o modelo",
    "randpm_delay_to_be": "O atraso aleatório entre cada mensagem seria",
    "to": "para",
    "sec": "segundo.",
    "sel_temp": "Selecione o modelo",
    "run_cam": "Executar campanha",
    "yo_can_put_num": "Você pode colocar o nome da variável como variável dinâmica",
    "hi_var_one": "Olá, var_one, seu número de rolo é var_two, ligue para var_three para obter mais informações",
    "num": "números",
    "sel_ins": "Selecionar Instância",
    "pls_typ_nu": "Cole os números aqui",
    "add_comma": "Adicione uma vírgula após o número com o código do país",
    "sel_btn_tmep": "Selecione o modelo do botão",
    "sel_list_temp": "Selecione o modelo de lista",
    "upload_med": "Carregar mídia",
    "add_a_name": "Adicionar um nome",
    "add_med": "Adicionar mídia",
    "upload_meda": "Carregar mídia",
    "close": "Perto",
    "mng_btn_temp": "Gerenciar Modelos de Botão",
    "add_btn_text": "Adicionar botão com texto",
    "add_btn_with_im": "Adicionar botão com texto e imagem",
    "btn_text": "Botão Com Texto",
    "btn_img": "Botão com Texto e Imagem",
    "shrt_grp_ttl": "Título Curto do Grupo",
    "sel_img": "Selecione a imagem",
    "entr_grp_btn": "Inserir legenda do botão de grupo",
    "entr_btn_footer": "Inserir Texto do Rodapé do Botão de Grupo",
    "add_btn": "Adicionar um botão",
    "add_ths_btn_temp": "Adicionar este modelo de botão",
    "btn_name": "Nome do botão",
    "mng_list_temp": "Gerenciar modelo de lista",
    "btn_textt": "Botão de texto",
    "footer": "Rodapé",
    "text": "Texto",
    "no_sec_added_yet": "Nenhuma seção adicionada ainda",
    "add_list_sec": "Adicionar Seção de Lista",
    "save_temp": "Salvar Lista de Modelos",
    "add_sec": "Adicionar seção",
    "sec_title": "Título da seção",
    "op_otn_added_ye": "Nenhuma opção adicionada ainda",
    "c": "Escreva uma opção",
    "add_this_sec": "Adicionar esta seção",
    "manage_cam_tem": "Gerenciar modelos de campanha",
    "up_to250": "Até 250 números recomendados de uma só vez.",
    "add_new_with_exl": "Adicionar novo com Excel",
    "upload_past_num": "Faça colando números",
    "upload_exl_temp": "fazer com excel",
    "download_content": "Baixar conteúdo",
    "down_xlx": "Baixar XLS",
    "temp_name": "Nome do Templo",
    "upload_wth_exl": "Carregar planilha do Excel",
    "dwn_exl_demo": "Baixe a planilha de demonstração do Excel",
    "with_me": "com mídia ?",
    "add_ths_temp": "Adicionar este modelo",
    "write_your_msg": "Escreva sua mensagem",
    "completed": "Concluído",
    "status": "Status:",
    "typ": "Tipo:",
    "are_you_sure": "Tem certeza?",
    "manage_bot": "Gerenciar bot",
    "add_rep_with_text_n_img": "Resposta automática com texto ou imagem com legenda.",
    "ping": "Ping",
    "incoming_msg": "mensagem recebida",
    "rep_with_text": "Responder com Texto",
    "rep_with_btn": "Responder com botão",
    "rep_with_list": "Responder com Lista",
    "set_rep_for_incoming": "Definir uma resposta para a mensagem recebida",
    "add_text": "Adicione texto",
    "add_lst": "Adicionar lista",
    "run_bo": "Executar bot",
    "export_grp": "Exportar dados do grupo",
    "grab_data": "Pegar dados",
    "export_grp_da": "Exportar grupo como Excel",
    "ping_to_admin": "Ping para administrador",
    "typ_your_msg": "Digite sua mensagem aqui",
    "await_forres": "Aguardando resposta",
    "update_profile": "Atualizar perfil",
    "name": "Nome",
    "email": "O email",
    "leavr_it_blank": "Deixe em branco se não quiser alterar a senha",
    "user_panel": "Painel do usuário",
    "users": "Usuários",
    "plans": "Planos",
    "pay_gate": "Gateways de pagamento",
    "smtp_config": "Configuração de SMTP",
    "app_nm": "Nome do aplicativo",
    "tans_log": "Registro de Transação",
    "hello_admin": "Olá administrador!",
    "manage_users": "Gerenciar usuário",
    "al_users": "Todos os usuários",
    "mobile": "Móvel",
    "plan": "Plano",
    "action": "Ação",
    "password": "Senha",
    "save": "Salve ",
    "manage_plan": "Gerenciar plano",
    "bots": "robôs",
    "nobots": "Sem bots",
    "no_grp_export": "Nenhuma exportação de grupo",
    "update_plan": "Plano de atualização",
    "plan_name": "Nome do plano",
    "msg_limit": "Limites de mensagens",
    "cost": "Custo",
    "allow_bot": "Permitir bot",
    "allow_grp_export": "Permitir exportação de grupo",
    "descriptio": "Descrição",
    "exc_rate": "Taxa de câmbio",
    "please_sur_text": "Insira a taxa de câmbio para 1 USD = ?",
    "rzpay": "Razorpay",
    "rzkeys": "Chaves Razorpay",
    "rzid": "Razorpay ID",
    "paypal": "Paypal",
    "paypal_clientid": "ID do Cliente Paypal",
    "paypal_secret": "Segredo do Cliente Paypal",
    "offline_pay": "Pagamento off-line",
    "this_will_apr_to_user": "Isso aparecerá para o usuário",
    "smtp_warning": "Sem essa configuração, sua opção de esquecimento de senha não funcionará.",
    "smtp_host": "Host SMTP",
    "smtp_port": "Porta SMTP",
    "smtp_pass": "Senha SMTP",
    "manage_pings": "Gerenciar pings",
    "user_email": "E-mail do usuário",
    "send_on": "Enviado em",
    "app_config": "Configuração do aplicativo",
    "logo": "LOGOTIPO",
    "cur_sym": "Símbolo da moeda",
    "trans_log": "Log(s) de transação",
    "clr_all": "Limpar tudo",
    "byr_emal": "E-mail do comprador:",
    "payment_id": "ID de pagamento:",
    "amt": "Montante:",
    "capt_timestamp": "Capturar data e hora:",
    "admin_profile": "Perfil do Administrador",
    "total_users": "Total de usuários",
    "total_plans": "Planos totais",
    "total_pings": "Total de pings",
    "total_ordrs": "Pedidos Totais",
    "your_cart_empty": "Seu carrinho está vazio",
    "my_plan": "Meu plano",
    "msg_left": "Mensagens deixadas:",
    "yes": "Sim",
    "no": "Não",
    "paying": "pagando",
    "free_plan_paying": "Plano Gratuito",
    "click_me_proceed": "Clique em mim para continuar",
    "not_alloed_in_plan": "Não permitido neste plano",
    "manage_page": "Gerenciar páginas",
    "no_page_found": "Nenhuma página encontrada",
    "sent_cout": "contagem enviada",
    "templet_id": "ID do modelo",
    "youtube_video_url": "URL do seu vídeo",
    "user_login": "Login de usuário",
    "login": "Conecte-se",
    "signup": "Inscrever-se",
    "fill_signup": "Preencha este formulário para se inscrever",
    "delete_user": "Excluir este usuário",
    "forget_pass_title": "Digite seu e-mail para obter o link de redefinição de senha",
    "send_link": "Enviar Link",
    "user_has_been_updated": "O usuário foi atualizado, você agora está redirecionando para a página de login...",
    "recovery_link_expired": "Op. parece que seu link de recuperação expirou. Por favor, envie um e-mail novamente.",
    "set_new_pass": "Congo aqui você pode adicionar sua nova senha.",
    "go": "Vai",
    "admin_panel": "Painel Administrativo"
}